<?xml version="1.0" encoding="utf-8" ?>
<dwsync>
<file name="Pointing Gesture.fbx" server="77.68.12.83" local="3626586606" remote="3627809775" Dst="-1" />
<file name="Talking.fbx" server="77.68.12.83" local="3626586537" remote="3627809775" Dst="-1" />
<file name="Pointing.fbx" server="77.68.12.83" local="3626586619" remote="3627809776" Dst="-1" />
<file name="Walking Backwards.fbx" server="77.68.12.83" local="3626529633" remote="3627809776" Dst="-1" />
<file name="Walking.fbx" server="77.68.12.83" local="3626536040" remote="3627809776" Dst="-1" />
<file name="Driving.fbx" server="77.68.12.83" local="3626521809" remote="3627809777" Dst="-1" />
<file name="Turn.fbx" server="77.68.12.83" local="3626529661" remote="3627809777" Dst="-1" />
<file name="Running.fbx" server="77.68.12.83" local="3627317590" remote="3627809777" Dst="-1" />
<file name="Male Sitting Pose.fbx" server="77.68.12.83" local="3627317590" remote="3627809777" Dst="-1" />
</dwsync>